<doc>
<brackets left="\{" right="\}"/>
<brackets left="\[" right="\]"/>
<brackets left="\(" right="\)"/>
<style name="s_0" color="#FFFFE0" fontStyle="Italic" />
<rule style="s_0" options="Singleline,IgnoreCase">(?s)&quot;&quot;&quot;[^&quot;&quot;&quot;]*&quot;&quot;&quot;</rule>
<style name="s_1" color="#DA691A" fontStyle="Italic" />
<rule style="s_1" options="Singleline,IgnoreCase">&quot;[^&quot;]*&quot;</rule>
<style name="s_2" color="#808080" fontStyle="Italic" />
<rule style="s_2" options="Singleline,IgnoreCase">(?s)(//[^\n]*|/\*[^*]*\*/)</rule>
<style name="s_7" color="#FF00FF" />
<rule style="s_7" options="Singleline,IgnoreCase">(-?\b)(\d+\.\d+|\d+)[bldsf]?\b</rule>
<style name="s_8" color="#FFFFC8" />
<rule style="s_8" options="Singleline,IgnoreCase">(?i)(\bacacia_boat\b|\bacacia_button\b|\bacacia_door\b|\bacacia_fence\b|\bacacia_fence_gate\b|\bacacia_leaves\b|\bacacia_log\b|\bacacia_planks\b|\bacacia_pressure_plate\b|\bacacia_sapling\b|\bacacia_sign\b|\bacacia_slab\b|\bacacia_stairs\b|\bacacia_trapdoor\b|\bacacia_wood\b|\bactivator_rail\b|\bair\b|\ballium\b|\bamethyst_block\b|\bamethyst_cluster\b|\bamethyst_shard\b|\bancient_debris\b|\bandesite\b|\bandesite_slab\b|\bandesite_stairs\b|\bandesite_wall\b|\banvil\b|\bapple\b|\barea_effect_cloud\b|\barmor_stand\b|\barrow\b|\baxolotl\b|\baxolotl_bucket\b|\baxolotl_spawn_egg\b|\bazalea\b|\bazalea_leaves\b|\bazure_bluet\b|\bbaked_potato\b|\bbamboo\b|\bbarrel\b|\bbarrier\b|\bbasalt\b|\bbat\b|\bbat_spawn_egg\b|\bbeacon\b|\bbedrock\b|\bbee_nest\b|\bbee_spawn_egg\b|\bbeef\b|\bbeehive\b|\bbeehives\b|\bbeetroot\b|\bbeetroot_seeds\b|\bbeetroot_soup\b|\bbeetroots\b|\bbell\b|\bbig_dripleaf\b|\bbirch_boat\b|\bbirch_button\b|\bbirch_door\b|\bbirch_fence\b|\bbirch_fence_gate\b|\bbirch_leaves\b|\bbirch_log\b|\bbirch_planks\b|\bbirch_pressure_plate\b|\bbirch_sapling\b|\bbirch_sign\b|\bbirch_slab\b|\bbirch_stairs\b|\bbirch_trapdoor\b|\bbirch_wood\b|\bblack_banner\b|\bblack_bed\b|\bblack_candle\b|\bblack_carpet\b|\bblack_concrete\b|\bblack_concrete_powder\b|\bblack_dye\b|\bblack_glazed_terracotta\b|\bblack_shulker_box\b|\bblack_stained_glass\b|\bblack_stained_glass_pane\b|\bblack_staned_glass\b|\bblack_terracotta\b|\bblack_wall_banner\b|\bblack_wool\b|\bblackstone\b|\bblackstone_slab\b|\bblackstone_stairs\b|\bblackstone_wall\b|\bblast_furnace\b|\bblaze\b|\bblaze_powder\b|\bblaze_rod\b|\bblaze_spawn_egg\b|\bblue_banner\b|\bblue_bed\b|\bblue_candle\b|\bblue_carpet\b|\bblue_concrete\b|\bblue_concrete_powder\b|\bblue_dye\b|\bblue_glazed_terracotta\b|\bblue_ice\b|\bblue_orchid\b|\bblue_shulker_box\b|\bblue_stained_glass\b|\bblue_stained_glass_pane\b|\bblue_staned_glass\b|\bblue_terracotta\b|\bblue_wall_banner\b|\bblue_wool\b|\bboat\b|\bbone\b|\bbone_block\b|\bbone_meal\b|\bbook\b|\bbookshelf\b|\bbow\b|\bbowl\b|\bbrain_coral\b|\bbrain_coral_block\b|\bbrain_coral_fan\b|\bbrain_coral_wall_fan\b|\bbread\b|\bbrewing_stand\b|\bbrick\b|\bbrick_slab\b|\bbrick_stairs\b|\bbrick_wall\b|\bbricks\b|\bbrown_banner\b|\bbrown_bed\b|\bbrown_candle\b|\bbrown_carpet\b|\bbrown_concrete\b|\bbrown_concrete_powder\b|\bbrown_dye\b|\bbrown_glazed_terracotta\b|\bbrown_mushroom\b|\bbrown_mushroom_block\b|\bbrown_shulker_box\b|\bbrown_stained_glass\b|\bbrown_stained_glass_pane\b|\bbrown_staned_glass\b|\bbrown_terracotta\b|\bbrown_wall_banner\b|\bbrown_wool\b|\bbubble_column\b|\bbubble_coral\b|\bbubble_coral_block\b|\bbubble_coral_fan\b|\bbubble_coral_wall_fan\b|\bbucket\b|\bbudding_amethyst\b|\bbundle\b|\bcactus\b|\bcactus_green\b|\bcake\b|\bcalcite\b|\bcampfire\b|\bcandle\b|\bcarrot\b|\bcarrot_on_a_stick\b|\bcarrots\b|\bcartography_table\b|\bcarved_pumpkin\b|\bcat_spawn_egg\b|\bcauldron\b|\bcave_air\b|\bcave_spider\b|\bcave_spider_spawn_egg\b|\bcave_vines\b|\bcave_vines_plant\b|\bchain\b|\bchain_command_block\b|\bchainmail_boots\b|\bchainmail_chestplate\b|\bchainmail_helmet\b|\bchainmail_leggings\b|\bcharcoal\b|\bchest\b|\bchest_minecart\b|\bchicken\b|\bchicken_spawn_egg\b|\bchipped_anvil\b|\bchiseled_deepslate\b|\bchiseled_nether_bricks\b|\bchiseled_polished_blackstone\b|\bchiseled_quartz_block\b|\bchiseled_red_sandstone\b|\bchiseled_sandstone\b|\bchiseled_stone_bricks\b|\bchorus_flower\b|\bchorus_fruit\b|\bchorus_plant\b|\bclay\b|\bclay_ball\b|\bclock\b|\bcoal\b|\bcoal_block\b|\bcoal_ore\b|\bcoarse_dirt\b|\bcobbled_deepslate\b|\bcobbled_deepslate_slab\b|\bcobbled_deepslate_stairs\b|\bcobbled_deepslate_wall\b|\bcobblestone\b|\bcobblestone_slab\b|\bcobblestone_stairs\b|\bcobblestone_wall\b|\bcobweb\b|\bcocoa_beans\b|\bcod\b|\bcod_bucket\b|\bcod_spawn_egg\b|\bcommand_block\b|\bcommand_block_minecart\b|\bcommandblock_minecart\b|\bcomparator\b|\bcompass\b|\bcomposter\b|\bconduit\b|\bcooked_beef\b|\bcooked_chicken\b|\bcooked_cod\b|\bcooked_mutton\b|\bcooked_porkchop\b|\bcooked_rabbit\b|\bcooked_salmon\b|\bcookie\b|\bcopper_block\b|\bcopper_ingot\b|\bcopper_ore\b|\bcornflower\b|\bcow\b|\bcow_spawn_egg\b|\bcracked_deepslate_bricks\b|\bcracked_deepslate_tiles\b|\bcracked_nether_bricks\b|\bcracked_polished_blackstone_bricks\b|\bcracked_stone_bricks\b|\bcrafting_table\b|\bcreeper\b|\bcreeper_banner_pattern\b|\bcreeper_head\b|\bcreeper_spawn_egg\b|\bcrimson_button\b|\bcrimson_door\b|\bcrimson_fence\b|\bcrimson_fence_gate\b|\bcrimson_fungus\b|\bcrimson_hyphae\b|\bcrimson_nylium\b|\bcrimson_planks\b|\bcrimson_pressure_plate\b|\bcrimson_roots\b|\bcrimson_sign\b|\bcrimson_slab\b|\bcrimson_stairs\b|\bcrimson_stem\b|\bcrimson_trapdoor\b|\bcrossbow\b|\bcrying_obsidian\b|\bcut_copper\b|\bcut_copper_slab\b|\bcut_copper_stairs\b|\bcut_red_sandstone\b|\bcut_red_sandstone_slab\b|\bcut_sandstone\b|\bcut_sandstone_slab\b|\bcyan_banner\b|\bcyan_bed\b|\bcyan_candle\b|\bcyan_carpet\b|\bcyan_concrete\b|\bcyan_concrete_powder\b|\bcyan_dye\b|\bcyan_glazed_terracotta\b|\bcyan_shulker_box\b|\bcyan_stained_glass\b|\bcyan_stained_glass_pane\b|\bcyan_staned_glass\b|\bcyan_terracotta\b|\bcyan_wall_banner\b|\bcyan_wool\b|\bdamaged_anvil\b|\bdandelion\b|\bdandelion_yellow\b|\bdark_oak_boat\b|\bdark_oak_button\b|\bdark_oak_door\b|\bdark_oak_fence\b|\bdark_oak_fence_gate\b|\bdark_oak_leaves\b|\bdark_oak_log\b|\bdark_oak_planks\b|\bdark_oak_pressure_plate\b|\bdark_oak_sapling\b|\bdark_oak_sign\b|\bdark_oak_slab\b|\bdark_oak_stairs\b|\bdark_oak_trapdoor\b|\bdark_oak_wood\b|\bdark_prismarine\b|\bdark_prismarine_slab\b|\bdark_prismarine_stairs\b|\bdaylight_detector\b|\bdead_brain_coral\b|\bdead_brain_coral_block\b|\bdead_brain_coral_fan\b|\bdead_brain_coral_wall_fan\b|\bdead_bubble_coral\b|\bdead_bubble_coral_block\b|\bdead_bubble_coral_fan\b|\bdead_bubble_coral_wall_fan\b|\bdead_bush\b|\bdead_fire_coral\b|\bdead_fire_coral_block\b|\bdead_fire_coral_fan\b|\bdead_fire_coral_wall_fan\b|\bdead_horn_coral\b|\bdead_horn_coral_block\b|\bdead_horn_coral_fan\b|\bdead_horn_coral_wall_fan\b|\bdead_tube_coral\b|\bdead_tube_coral_block\b|\bdead_tube_coral_fan\b|\bdead_tube_coral_wall_fan\b|\bdeepslate_brick_slab\b|\bdeepslate_brick_stairs\b|\bdeepslate_brick_wall\b|\bdeepslate_bricks\b|\bdeepslate_coal_ore\b|\bdeepslate_copper_ore\b|\bdeepslate_diamond_ore\b|\bdeepslate_emerald_ore\b|\bdeepslate_gold_ore\b|\bdeepslate_iron_ore\b|\bdeepslate_lapis_ore\b|\bdeepslate_redstone_ore\b|\bdeepslate_tile_slab\b|\bdeepslate_tile_stairs\b|\bdeepslate_tile_wall\b|\bdeepslate_tiles\b|\bdetector_rail\b|\bdiamond\b|\bdiamond_axe\b|\bdiamond_block\b|\bdiamond_boots\b|\bdiamond_chestplate\b|\bdiamond_helmet\b|\bdiamond_hoe\b|\bdiamond_horse_armor\b|\bdiamond_leggings\b|\bdiamond_ore\b|\bdiamond_pickaxe\b|\bdiamond_shovel\b|\bdiamond_sword\b|\bdiorite\b|\bdiorite_slab\b|\bdiorite_stairs\b|\bdiorite_wall\b|\bdirt\b|\bdispenser\b|\bdolphin_spawn_egg\b|\bdonkey\b|\bdonkey_spawn_egg\b|\bdragon_breath\b|\bdragon_egg\b|\bdragon_fireball\b|\bdragon_head\b|\bdried_kelp\b|\bdried_kelp_block\b|\bdripstone_block\b|\bdropper\b|\bdrowned_spawn_egg\b|\begg\b|\belder_guardian\b|\belder_guardian_spawn_egg\b|\belytra\b|\bemerald\b|\bemerald_block\b|\bemerald_ore\b|\benchanted_book\b|\benchanted_golden_apple\b|\benchanting_table\b|\bend_crystal\b|\bend_gateway\b|\bend_portal\b|\bend_portal_frame\b|\bend_rod\b|\bend_stone\b|\bend_stone_brick_slab\b|\bend_stone_brick_stairs\b|\bend_stone_brick_wall\b|\bend_stone_bricks\b|\bender_chest\b|\bender_crystal\b|\bender_dragon\b|\bender_eye\b|\bender_pearl\b|\benderman\b|\benderman_spawn_egg\b|\bendermite\b|\bendermite_spawn_egg\b|\bevocation_fangs\b|\bevocation_illager\b|\bevoker_spawn_egg\b|\bexperience_bottle\b|\bexposed_copper\b|\bexposed_cut_copper\b|\bexposed_cut_copper_slab\b|\bexposed_cut_copper_stairs\b|\beye_of_ender_signal\b|\bfalling_block\b|\bfarmland\b|\bfeather\b|\bfermented_spider_eye\b|\bfern\b|\bfilled_map\b|\bfire\b|\bfire_charge\b|\bfire_coral\b|\bfire_coral_block\b|\bfire_coral_fan\b|\bfire_coral_wall_fan\b|\bfireball\b|\bfirework_rocket\b|\bfirework_star\b|\bfireworks_rocket\b|\bfishing_rod\b|\bfletching_table\b|\bflint\b|\bflint_and_steel\b|\bflower_banner_pattern\b|\bflower_pot\b|\bflowering_azalea\b|\bflowering_azalea_leaves\b|\bfox_spawn_egg\b|\bfrosted_ice\b|\bfurnace\b|\bfurnace_minecart\b|\bghast\b|\bghast_spawn_egg\b|\bghast_tear\b|\bgiant\b|\bgilded_blackstone\b|\bglass\b|\bglass_bottle\b|\bglass_pane\b|\bglistering_melon_slice\b|\bglobe_banner_pattern\b|\bglow_berries\b|\bglow_ink_sac\b|\bglow_item_frame\b|\bglow_lichen\b|\bglow_squid\b|\bglow_squid_spawn_egg\b|\bglowstone\b|\bglowstone_dust\b|\bgoat\b|\bgoat_spawn_egg\b|\bgold_block\b|\bgold_ingot\b|\bgold_nugget\b|\bgold_ore\b|\bgolden_apple\b|\bgolden_axe\b|\bgolden_boots\b|\bgolden_carrot\b|\bgolden_chestplate\b|\bgolden_helmet\b|\bgolden_hoe\b|\bgolden_horse_armor\b|\bgolden_leggings\b|\bgolden_pickaxe\b|\bgolden_shovel\b|\bgolden_sword\b|\bgranite\b|\bgranite_slab\b|\bgranite_stairs\b|\bgranite_wall\b|\bgrass\b|\bgrass_block\b|\bgrass_path\b|\bgravel\b|\bgray_banner\b|\bgray_bed\b|\bgray_candle\b|\bgray_carpet\b|\bgray_concrete\b|\bgray_concrete_powder\b|\bgray_dye\b|\bgray_glazed_terracotta\b|\bgray_shulker_box\b|\bgray_stained_glass\b|\bgray_stained_glass_pane\b|\bgray_staned_glass\b|\bgray_terracotta\b|\bgray_wall_banner\b|\bgray_wool\b|\bgreen_banner\b|\bgreen_bed\b|\bgreen_candle\b|\bgreen_carpet\b|\bgreen_concrete\b|\bgreen_concrete_powder\b|\bgreen_dye\b|\bgreen_glazed_terracotta\b|\bgreen_shulker_box\b|\bgreen_stained_glass\b|\bgreen_stained_glass_pane\b|\bgreen_staned_glass\b|\bgreen_terracotta\b|\bgreen_wall_banner\b|\bgreen_wool\b|\bgrindstone\b|\bguardian\b|\bguardian_spawn_egg\b|\bgunpowder\b|\bhanging_roots\b|\bhay_block\b|\bheart_of_the_sea\b|\bheavy_weighted_pressure_plate\b|\bhoglin_spawn_egg\b|\bhoney_block\b|\bhoney_bottle\b|\bhoneycomb\b|\bhoneycomb_block\b|\bhopper\b|\bhopper_minecart\b|\bhorn_coral\b|\bhorn_coral_block\b|\bhorn_coral_fan\b|\bhorn_coral_wall_fan\b|\bhorse\b|\bhorse_spawn_egg\b|\bhusk\b|\bhusk_spawn_egg\b|\bice\b|\billusion_illager\b|\binfested_chiseled_stone_bricks\b|\binfested_cobblestone\b|\binfested_cracked_stone_bricks\b|\binfested_deepslate\b|\binfested_mossy_stone_bricks\b|\binfested_stone\b|\binfested_stone_bricks\b|\bink_sac\b|\biron_axe\b|\biron_bars\b|\biron_block\b|\biron_boots\b|\biron_chestplate\b|\biron_door\b|\biron_helmet\b|\biron_hoe\b|\biron_horse_armor\b|\biron_ingot\b|\biron_leggings\b|\biron_nugget\b|\biron_ore\b|\biron_pickaxe\b|\biron_shovel\b|\biron_sword\b|\biron_trapdoor\b|\bitem\b|\bitem_frame\b|\bjack_o_lantern\b|\bjigsaw\b|\bjukebox\b|\bjungle_boat\b|\bjungle_button\b|\bjungle_door\b|\bjungle_fence\b|\bjungle_fence_gate\b|\bjungle_leaves\b|\bjungle_log\b|\bjungle_planks\b|\bjungle_pressure_plate\b|\bjungle_sapling\b|\bjungle_sign\b|\bjungle_slab\b|\bjungle_stairs\b|\bjungle_trapdoor\b|\bjungle_wood\b|\bkelp\b|\bkelp_plant\b|\bladder\b|\blantern\b|\blapis_block\b|\blapis_lazuli\b|\blapis_ore\b|\blarge_amethyst_bud\b|\blarge_fern\b|\blava\b|\blava_bucket\b|\blead\b|\bleash_knot\b|\bleather\b|\bleather_boots\b|\bleather_chestplate\b|\bleather_helmet\b|\bleather_horse_armor\b|\bleather_leggings\b|\blectern\b|\blever\b|\blight_blue_banner\b|\blight_blue_bed\b|\blight_blue_candle\b|\blight_blue_carpet\b|\blight_blue_concrete\b|\blight_blue_concrete_powder\b|\blight_blue_dye\b|\blight_blue_glazed_terracotta\b|\blight_blue_shulker_box\b|\blight_blue_stained_glass\b|\blight_blue_stained_glass_pane\b|\blight_blue_staned_glass\b|\blight_blue_terracotta\b|\blight_blue_wall_banner\b|\blight_blue_wool\b|\blight_gray_banner\b|\blight_gray_bed\b|\blight_gray_candle\b|\blight_gray_carpet\b|\blight_gray_concrete\b|\blight_gray_concrete_powder\b|\blight_gray_dye\b|\blight_gray_glazed_terracotta\b|\blight_gray_shulker_box\b|\blight_gray_stained_glass\b|\blight_gray_stained_glass_pane\b|\blight_gray_staned_glass\b|\blight_gray_terracotta\b|\blight_gray_wall_banner\b|\blight_gray_wool\b|\blight_weighted_pressure_plate\b|\blightning_bolt\b|\blightning_rod\b|\blilac\b|\blily_of_the_valley\b|\blily_pad\b|\blime_banner\b|\blime_bed\b|\blime_candle\b|\blime_carpet\b|\blime_concrete\b|\blime_concrete_powder\b|\blime_dye\b|\blime_glazed_terracotta\b|\blime_shulker_box\b|\blime_stained_glass\b|\blime_stained_glass_pane\b|\blime_staned_glass\b|\blime_terracotta\b|\blime_wall_banner\b|\blime_wool\b|\blingering_potion\b|\bllama\b|\bllama_spawn_egg\b|\bllama_spit\b|\blodestone\b|\bloom\b|\bmagenta_banner\b|\bmagenta_bed\b|\bmagenta_candle\b|\bmagenta_carpet\b|\bmagenta_concrete\b|\bmagenta_concrete_powder\b|\bmagenta_dye\b|\bmagenta_glazed_terracotta\b|\bmagenta_shulker_box\b|\bmagenta_stained_glass\b|\bmagenta_stained_glass_pane\b|\bmagenta_staned_glass\b|\bmagenta_terracotta\b|\bmagenta_wall_banner\b|\bmagenta_wool\b|\bmagma_block\b|\bmagma_cream\b|\bmagma_cube\b|\bmagma_cube_spawn_egg\b|\bmap\b|\bmedium_amethyst_bud\b|\bmelon\b|\bmelon_seeds\b|\bmelon_slice\b|\bmilk_bucket\b|\bminecart\b|\bminecraft:\b|\bminecraftnetherite_boots\b|\bminecraftnetherite_leggings\b|\bmob_head\b|\bmob_spawner\b|\bmojang_banner_pattern\b|\bmooshroom\b|\bmooshroom_spawn_egg\b|\bmoss_block\b|\bmoss_carpet\b|\bmossy_cobblestone\b|\bmossy_cobblestone_slab\b|\bmossy_cobblestone_stairs\b|\bmossy_cobblestone_wall\b|\bmossy_stone_brick_slab\b|\bmossy_stone_brick_stairs\b|\bmossy_stone_brick_wall\b|\bmossy_stone_bricks\b|\bmule\b|\bmule_spawn_egg\b|\bmushroom_stem\b|\bmushroom_stew\b|\bmusic_disc_11\b|\bmusic_disc_13\b|\bmusic_disc_blocks\b|\bmusic_disc_cat\b|\bmusic_disc_chirp\b|\bmusic_disc_far\b|\bmusic_disc_mall\b|\bmusic_disc_mellohi\b|\bmusic_disc_pigstep\b|\bmusic_disc_stal\b|\bmusic_disc_strad\b|\bmusic_disc_wait\b|\bmusic_disc_ward\b|\bmutton\b|\bmycelium\b|\bname_tag\b|\bnautilus_shell\b|\bnether_brick\b|\bnether_brick_fence\b|\bnether_brick_slab\b|\bnether_brick_stairs\b|\bnether_brick_wall\b|\bnether_bricks\b|\bnether_gold_ore\b|\bnether_portal\b|\bnether_quartz_ore\b|\bnether_sprouts\b|\bnether_star\b|\bnether_wart\b|\bnether_wart_block\b|\bnetherite_axe\b|\bnetherite_block\b|\bnetherite_boots\b|\bnetherite_chestplate\b|\bnetherite_helmet\b|\bnetherite_hoe\b|\bnetherite_ingot\b|\bnetherite_leggings\b|\bnetherite_pickaxe\b|\bnetherite_scrap\b|\bnetherite_shovel\b|\bnetherite_sword\b|\bnetherrack\b|\bnote_block\b|\boak_boat\b|\boak_button\b|\boak_door\b|\boak_fence\b|\boak_fence_gate\b|\boak_leaves\b|\boak_log\b|\boak_planks\b|\boak_pressure_plate\b|\boak_sapling\b|\boak_sign\b|\boak_slab\b|\boak_stairs\b|\boak_trapdoor\b|\boak_wood\b|\bobserver\b|\bobsidian\b|\bocelot\b|\bocelot_spawn_egg\b|\bominous_banner\b|\bominous_wall_banner\b|\borange_banner\b|\borange_bed\b|\borange_candle\b|\borange_carpet\b|\borange_concrete\b|\borange_concrete_powder\b|\borange_dye\b|\borange_glazed_terracotta\b|\borange_shulker_box\b|\borange_stained_glass\b|\borange_stained_glass_pane\b|\borange_staned_glass\b|\borange_terracotta\b|\borange_tulip\b|\borange_wall_banner\b|\borange_wool\b|\boxeye_daisy\b|\boxidized_copper\b|\boxidized_cut_copper\b|\boxidized_cut_copper_slab\b|\boxidized_cut_copper_stairs\b|\bpacked_ice\b|\bpainting\b|\bpanda_spawn_egg\b|\bpaper\b|\bparrot\b|\bparrot_spawn_egg\b|\bpeony\b|\bpetrified_oak_slab\b|\bphantom_membrane\b|\bphantom_spawn_egg\b|\bpig\b|\bpig_spawn_egg\b|\bpiglin_banner_pattern\b|\bpiglin_brute_spawn_egg\b|\bpiglin_spawn_egg\b|\bpillager_spawn_egg\b|\bpink_banner\b|\bpink_bed\b|\bpink_candle\b|\bpink_carpet\b|\bpink_concrete\b|\bpink_concrete_powder\b|\bpink_dye\b|\bpink_glazed_terracotta\b|\bpink_shulker_box\b|\bpink_stained_glass\b|\bpink_stained_glass_pane\b|\bpink_staned_glass\b|\bpink_terracotta\b|\bpink_tulip\b|\bpink_wall_banner\b|\bpink_wool\b|\bpiston\b|\bpiston_head\b|\bplayer_head\b|\bpodzol\b|\bpointed_dripstone\b|\bpoisonous_potato\b|\bpolar_bear\b|\bpolar_bear_spawn_egg\b|\bpolished_andesite\b|\bpolished_andesite_slab\b|\bpolished_andesite_stairs\b|\bpolished_basalt\b|\bpolished_blackstone\b|\bpolished_blackstone_brick_slab\b|\bpolished_blackstone_brick_stairs\b|\bpolished_blackstone_brick_wall\b|\bpolished_blackstone_bricks\b|\bpolished_blackstone_button\b|\bpolished_blackstone_pressure_plate\b|\bpolished_blackstone_slab\b|\bpolished_blackstone_stairs\b|\bpolished_blackstone_wall\b|\bpolished_deepslate\b|\bpolished_deepslate_slab\b|\bpolished_deepslate_stairs\b|\bpolished_deepslate_wall\b|\bpolished_diorite\b|\bpolished_diorite_slab\b|\bpolished_diorite_stairs\b|\bpolished_granite\b|\bpolished_granite_slab\b|\bpolished_granite_stairs\b|\bpopped_chorus_fruit\b|\bpoppy\b|\bporkchop\b|\bpotato\b|\bpotatoes\b|\bpotion\b|\bpowder_snow\b|\bpowder_snow_bucket\b|\bpowered_rail\b|\bprismarine\b|\bprismarine_brick_slab\b|\bprismarine_brick_stairs\b|\bprismarine_bricks\b|\bprismarine_crystals\b|\bprismarine_shard\b|\bprismarine_slab\b|\bprismarine_stairs\b|\bprismarine_wall\b|\bpufferfish\b|\bpufferfish_bucket\b|\bpufferfish_spawn_egg\b|\bpumpkin\b|\bpumpkin_pie\b|\bpumpkin_seeds\b|\bpurple_banner\b|\bpurple_bed\b|\bpurple_candle\b|\bpurple_carpet\b|\bpurple_concrete\b|\bpurple_concrete_powder\b|\bpurple_dye\b|\bpurple_glazed_terracotta\b|\bpurple_shulker_box\b|\bpurple_stained_glass\b|\bpurple_stained_glass_pane\b|\bpurple_staned_glass\b|\bpurple_terracotta\b|\bpurple_wall_banner\b|\bpurple_wool\b|\bpurpur_block\b|\bpurpur_pillar\b|\bpurpur_slab\b|\bpurpur_stairs\b|\bquartz\b|\bquartz_block\b|\bquartz_bricks\b|\bquartz_pillar\b|\bquartz_slab\b|\bquartz_stairs\b|\brabbit\b|\brabbit_foot\b|\brabbit_hide\b|\brabbit_spawn_egg\b|\brabbit_stew\b|\brail\b|\bravager_spawn_egg\b|\braw_copper\b|\braw_copper_block\b|\braw_gold\b|\braw_gold_block\b|\braw_iron\b|\braw_iron_block\b|\bred_banner\b|\bred_bed\b|\bred_candle\b|\bred_carpet\b|\bred_concrete\b|\bred_concrete_powder\b|\bred_dye\b|\bred_glazed_terracotta\b|\bred_mushroom\b|\bred_mushroom_block\b|\bred_nether_brick_slab\b|\bred_nether_brick_stairs\b|\bred_nether_brick_wall\b|\bred_nether_bricks\b|\bred_sand\b|\bred_sandstone\b|\bred_sandstone_slab\b|\bred_sandstone_stairs\b|\bred_sandstone_wall\b|\bred_shulker_box\b|\bred_stained_glass\b|\bred_stained_glass_pane\b|\bred_staned_glass\b|\bred_terracotta\b|\bred_tulip\b|\bred_wall_banner\b|\bred_wool\b|\bredstone\b|\bredstone_block\b|\bredstone_lamp\b|\bredstone_ore\b|\bredstone_torch\b|\brepeater\b|\brepeating_command_block\b|\brespawn_anchor\b|\brooted_dirt\b|\brose_bush\b|\brose_red\b|\brotten_flesh\b|\bsaddle\b|\bsalmon\b|\bsalmon_bucket\b|\bsalmon_spawn_egg\b|\bsand\b|\bsandstone\b|\bsandstone_slab\b|\bsandstone_stairs\b|\bsandstone_wall\b|\bscaffolding\b|\bsculk_sensor\b|\bscute\b|\bsea_lantern\b|\bsea_pickle\b|\bseagrass\b|\bshears\b|\bsheep\b|\bsheep_spawn_egg\b|\bshield\b|\bshroomlight\b|\bshulker\b|\bshulker_box\b|\bshulker_bullet\b|\bshulker_shell\b|\bshulker_spawn_egg\b|\bsign\b|\bsilver_shulker_box\b|\bsilverfish\b|\bsilverfish_spawn_egg\b|\bskeleton\b|\bskeleton_horse\b|\bskeleton_horse_spawn_egg\b|\bskeleton_skull\b|\bskeleton_spawn_egg\b|\bskull_banner_pattern\b|\bslime\b|\bslime_ball\b|\bslime_block\b|\bslime_spawn_egg\b|\bsmall_amethyst_bud\b|\bsmall_dripleaf\b|\bsmall_fireball\b|\bsmithing_table\b|\bsmoker\b|\bsmooth_basalt\b|\bsmooth_quartz\b|\bsmooth_quartz_slab\b|\bsmooth_quartz_stairs\b|\bsmooth_red_sandstone\b|\bsmooth_red_sandstone_slab\b|\bsmooth_red_sandstone_stairs\b|\bsmooth_sandstone\b|\bsmooth_sandstone_slab\b|\bsmooth_sandstone_stairs\b|\bsmooth_stone\b|\bsmooth_stone_slab\b|\bsnow\b|\bsnow_block\b|\bsnowball\b|\bsnowman\b|\bsoul_campfire\b|\bsoul_fire\b|\bsoul_lantern\b|\bsoul_sand\b|\bsoul_soil\b|\bsoul_torch\b|\bspawner\b|\bspawner_minecart\b|\bspectral_arrow\b|\bspider\b|\bspider_eye\b|\bspider_spawn_egg\b|\bsplash_potion\b|\bsponge\b|\bspore_blossom\b|\bspruce_boat\b|\bspruce_button\b|\bspruce_door\b|\bspruce_fence\b|\bspruce_fence_gate\b|\bspruce_leaves\b|\bspruce_log\b|\bspruce_planks\b|\bspruce_pressure_plate\b|\bspruce_sapling\b|\bspruce_sign\b|\bspruce_slab\b|\bspruce_stairs\b|\bspruce_trapdoor\b|\bspruce_wood\b|\bspyglass\b|\bsquid\b|\bsquid_spawn_egg\b|\bstick\b|\bsticky_piston\b|\bstone\b|\bstone_axe\b|\bstone_brick_slab\b|\bstone_brick_stairs\b|\bstone_brick_wall\b|\bstone_bricks\b|\bstone_button\b|\bstone_hoe\b|\bstone_pickaxe\b|\bstone_pressure_plate\b|\bstone_shovel\b|\bstone_slab\b|\bstone_stairs\b|\bstone_sword\b|\bstonecutter\b|\bstray\b|\bstray_spawn_egg\b|\bstrider_spawn_egg\b|\bstring\b|\bstripped_acacia_log\b|\bstripped_acacia_wood\b|\bstripped_birch_log\b|\bstripped_birch_wood\b|\bstripped_crimson_hyphae\b|\bstripped_crimson_stem\b|\bstripped_dark_oak_log\b|\bstripped_dark_oak_wood\b|\bstripped_jungle_log\b|\bstripped_jungle_wood\b|\bstripped_oak_log\b|\bstripped_oak_wood\b|\bstripped_spruce_log\b|\bstripped_spruce_wood\b|\bstripped_warped_hyphae\b|\bstripped_warped_stem\b|\bstructure_block\b|\bstructure_void\b|\bsugar\b|\bsugar_cane\b|\bsunflower\b|\bsuspicious_stew\b|\bsweet_berries\b|\bsweet_berry_bush\b|\btall_grass\b|\btall_seagrass\b|\btarget\b|\bterracotta\b|\btinted_glass\b|\btipped_arrow\b|\btnt\b|\btnt_minecart\b|\btorch\b|\btotem_of_undying\b|\btrader_llama_spawn_egg\b|\btrapped_chest\b|\btrident\b|\btripwire\b|\btripwire_hook\b|\btropical_fish\b|\btropical_fish_bucket\b|\btropical_fish_spawn_egg\b|\btube_coral\b|\btube_coral_block\b|\btube_coral_fan\b|\btube_coral_wall_fan\b|\btuff\b|\bturtle_egg\b|\bturtle_helmet\b|\bturtle_spawn_egg\b|\btwisting_vines\b|\btwisting_vines_plant\b|\bvex\b|\bvex_spawn_egg\b|\bvillager\b|\bvillager_golem\b|\bvillager_spawn_egg\b|\bvindication_illager\b|\bvindicator_spawn_egg\b|\bvine\b|\bvoid_air\b|\bwandering_trader_spawn_egg\b|\bwarped_button\b|\bwarped_door\b|\bwarped_fence\b|\bwarped_fence_gate\b|\bwarped_fungus\b|\bwarped_fungus_on_a_stick\b|\bwarped_hyphae\b|\bwarped_nylium\b|\bwarped_planks\b|\bwarped_pressure_plate\b|\bwarped_roots\b|\bwarped_sign\b|\bwarped_slab\b|\bwarped_stairs\b|\bwarped_stem\b|\bwarped_trapdoor\b|\bwarped_wart_block\b|\bwater\b|\bwater_bucket\b|\bwaxed_copper_block\b|\bwaxed_cut_copper\b|\bwaxed_cut_copper_slab\b|\bwaxed_cut_copper_stairs\b|\bwaxed_exposed_copper\b|\bwaxed_exposed_cut_copper\b|\bwaxed_exposed_cut_copper_slab\b|\bwaxed_exposed_cut_copper_stairs\b|\bwaxed_oxidized_copper\b|\bwaxed_oxidized_cut_copper\b|\bwaxed_oxidized_cut_copper_slab\b|\bwaxed_oxidized_cut_copper_stairs\b|\bwaxed_weathered_copper\b|\bwaxed_weathered_cut_copper\b|\bwaxed_weathered_cut_copper_slab\b|\bwaxed_weathered_cut_copper_stairs\b|\bweathered_copper\b|\bweathered_cut_copper\b|\bweathered_cut_copper_slab\b|\bweathered_cut_copper_stairs\b|\bweeping_vines\b|\bweeping_vines_plant\b|\bwet_sponge\b|\bwheat\b|\bwheat_seeds\b|\bwhite_banner\b|\bwhite_bed\b|\bwhite_candle\b|\bwhite_carpet\b|\bwhite_concrete\b|\bwhite_concrete_powder\b|\bwhite_dye\b|\bwhite_glazed_terracotta\b|\bwhite_shulker_box\b|\bwhite_stained_glass\b|\bwhite_stained_glass_pane\b|\bwhite_terracotta\b|\bwhite_tulip\b|\bwhite_wall_banner\b|\bwhite_wool\b|\bwitch\b|\bwitch_spawn_egg\b|\bwither\b|\bwither_rose\b|\bwither_skeleton\b|\bwither_skeleton_skull\b|\bwither_skeleton_spawn_egg\b|\bwither_skull\b|\bwolf\b|\bwolf_spawn_egg\b|\bwooden_axe\b|\bwooden_hoe\b|\bwooden_pickaxe\b|\bwooden_shovel\b|\bwooden_sword\b|\bwritable_book\b|\bwritten_book\b|\bxp_bottle\b|\bxp_orb\b|\byellow_banner\b|\byellow_bed\b|\byellow_candle\b|\byellow_carpet\b|\byellow_concrete\b|\byellow_concrete_powder\b|\byellow_dye\b|\byellow_glazed_terracotta\b|\byellow_shulker_box\b|\byellow_stained_glass\b|\byellow_stained_glass_pane\b|\byellow_staned_glass\b|\byellow_terracotta\b|\byellow_wall_banner\b|\byellow_wool\b|\bzoglin_spawn_egg\b|\bzombie\b|\bzombie_head\b|\bzombie_horse\b|\bzombie_horse_spawn_egg\b|\bzombie_pigman\b|\bzombie_pigman_spawn_egg\b|\bzombie_spawn_egg\b|\bzombie_villager\b|\bzombie_villager_spawn_egg\b|\bzombified_piglin_spawn_egg\b|\bair\b|\barmor\b|\bdeathCount\b|\bdummy\b|\bfood\b|\bhealth\b|\bkilledByTeam\.aqua\b|\bkilledByTeam\.black\b|\bkilledByTeam\.blue\b|\bkilledByTeam\.dark_aqua\b|\bkilledByTeam\.dark_blue\b|\bkilledByTeam\.dark_gray\b|\bkilledByTeam\.dark_green\b|\bkilledByTeam\.dark_purple\b|\bkilledByTeam\.dark_red\b|\bkilledByTeam\.gold\b|\bkilledByTeam\.gray\b|\bkilledByTeam\.green\b|\bkilledByTeam\.light_purple\b|\bkilledByTeam\.red\b|\bkilledByTeam\.white\b|\bkilledByTeam\.yellow\b|\blevel\b|\bminecraft\.broken:\b|\bminecraft\.crafted:\b|\bminecraft\.custom:minecraft\.animals_bred\b|\bminecraft\.custom:minecraft\.aviate_one_cm\b|\bminecraft\.custom:minecraft\.boat_one_cm\b|\bminecraft\.custom:minecraft\.clean_armor\b|\bminecraft\.custom:minecraft\.clean_banner\b|\bminecraft\.custom:minecraft\.climb_one_cm\b|\bminecraft\.custom:minecraft\.crouch_one_cm\b|\bminecraft\.custom:minecraft\.damage_dealt\b|\bminecraft\.custom:minecraft\.damage_taken\b|\bminecraft\.custom:minecraft\.deaths\b|\bminecraft\.custom:minecraft\.dive_one_cm\b|\bminecraft\.custom:minecraft\.drop\b|\bminecraft\.custom:minecraft\.eat_cake_slice\b|\bminecraft\.custom:minecraft\.enchant_item\b|\bminecraft\.custom:minecraft\.fall_one_cm\b|\bminecraft\.custom:minecraft\.fill_cauldron\b|\bminecraft\.custom:minecraft\.fish_caught\b|\bminecraft\.custom:minecraft\.fly_one_cm\b|\bminecraft\.custom:minecraft\.horse_one_cm\b|\bminecraft\.custom:minecraft\.inspect_dispenser\b|\bminecraft\.custom:minecraft\.inspect_dropper\b|\bminecraft\.custom:minecraft\.inspect_hopper\b|\bminecraft\.custom:minecraft\.interact_with_beacon\b|\bminecraft\.custom:minecraft\.interact_with_brewingstand\b|\bminecraft\.custom:minecraft\.interact_with_crafting_table\b|\bminecraft\.custom:minecraft\.interact_with_furnace\b|\bminecraft\.custom:minecraft\.jump\b|\bminecraft\.custom:minecraft\.leave_game\b|\bminecraft\.custom:minecraft\.minecart_one_cm\b|\bminecraft\.custom:minecraft\.mob_kills\b|\bminecraft\.custom:minecraft\.open_chest\b|\bminecraft\.custom:minecraft\.open_enderchest\b|\bminecraft\.custom:minecraft\.open_shulker_box\b|\bminecraft\.custom:minecraft\.pig_one_cm\b|\bminecraft\.custom:minecraft\.play_noteblock\b|\bminecraft\.custom:minecraft\.play_one_minute\b|\bminecraft\.custom:minecraft\.play_record\b|\bminecraft\.custom:minecraft\.player_kills\b|\bminecraft\.custom:minecraft\.pot_flower\b|\bminecraft\.custom:minecraft\.sleep_in_bed\b|\bminecraft\.custom:minecraft\.sneak_time\b|\bminecraft\.custom:minecraft\.sprint_one_cm\b|\bminecraft\.custom:minecraft\.swim_one_cm\b|\bminecraft\.custom:minecraft\.talked_to_villager\b|\bminecraft\.custom:minecraft\.time_since_death\b|\bminecraft\.custom:minecraft\.traded_with_villager\b|\bminecraft\.custom:minecraft\.trigger_trapped_chest\b|\bminecraft\.custom:minecraft\.tune_noteblock\b|\bminecraft\.custom:minecraft\.use_cauldron\b|\bminecraft\.custom:minecraft\.walk_one_cm\b|\bminecraft\.dropped:\b|\bminecraft\.killed:\b|\bminecraft\.killed_by:\b|\bminecraft\.mined:\b|\bminecraft\.picked_up:\b|\bminecraft\.used:\b|\bplayerKillCount\b|\bteamkill\.\b|\btotalKillCount\b|\btrigger\b|\bxp\b|\barmor\.chest\b|\barmor\.feet\b|\barmor\.head\b|\barmor\.legs\b|\bcontainer\.0\b|\bcontainer\.1\b|\bcontainer\.10\b|\bcontainer\.11\b|\bcontainer\.12\b|\bcontainer\.13\b|\bcontainer\.14\b|\bcontainer\.15\b|\bcontainer\.16\b|\bcontainer\.17\b|\bcontainer\.18\b|\bcontainer\.19\b|\bcontainer\.2\b|\bcontainer\.20\b|\bcontainer\.21\b|\bcontainer\.22\b|\bcontainer\.23\b|\bcontainer\.24\b|\bcontainer\.25\b|\bcontainer\.26\b|\bcontainer\.27\b|\bcontainer\.28\b|\bcontainer\.29\b|\bcontainer\.3\b|\bcontainer\.30\b|\bcontainer\.31\b|\bcontainer\.32\b|\bcontainer\.33\b|\bcontainer\.34\b|\bcontainer\.35\b|\bcontainer\.36\b|\bcontainer\.37\b|\bcontainer\.38\b|\bcontainer\.39\b|\bcontainer\.4\b|\bcontainer\.40\b|\bcontainer\.41\b|\bcontainer\.42\b|\bcontainer\.43\b|\bcontainer\.44\b|\bcontainer\.45\b|\bcontainer\.46\b|\bcontainer\.47\b|\bcontainer\.48\b|\bcontainer\.49\b|\bcontainer\.5\b|\bcontainer\.50\b|\bcontainer\.51\b|\bcontainer\.52\b|\bcontainer\.53\b|\bcontainer\.6\b|\bcontainer\.7\b|\bcontainer\.8\b|\bcontainer\.9\b|\benderchest\.0\b|\benderchest\.1\b|\benderchest\.10\b|\benderchest\.11\b|\benderchest\.12\b|\benderchest\.13\b|\benderchest\.14\b|\benderchest\.15\b|\benderchest\.16\b|\benderchest\.17\b|\benderchest\.18\b|\benderchest\.19\b|\benderchest\.2\b|\benderchest\.20\b|\benderchest\.21\b|\benderchest\.22\b|\benderchest\.23\b|\benderchest\.24\b|\benderchest\.25\b|\benderchest\.26\b|\benderchest\.3\b|\benderchest\.4\b|\benderchest\.5\b|\benderchest\.6\b|\benderchest\.7\b|\benderchest\.8\b|\benderchest\.9\b|\bhorse\.0\b|\bhorse\.1\b|\bhorse\.10\b|\bhorse\.11\b|\bhorse\.12\b|\bhorse\.13\b|\bhorse\.14\b|\bhorse\.2\b|\bhorse\.3\b|\bhorse\.4\b|\bhorse\.5\b|\bhorse\.6\b|\bhorse\.7\b|\bhorse\.8\b|\bhorse\.9\b|\bhorse\.armor\b|\bhorse\.chest\b|\bhorse\.saddle\b|\bhotbar\.0\b|\bhotbar\.1\b|\bhotbar\.2\b|\bhotbar\.3\b|\bhotbar\.4\b|\bhotbar\.5\b|\bhotbar\.6\b|\bhotbar\.7\b|\bhotbar\.8\b|\binventory\.0\b|\binventory\.1\b|\binventory\.10\b|\binventory\.11\b|\binventory\.12\b|\binventory\.13\b|\binventory\.14\b|\binventory\.15\b|\binventory\.16\b|\binventory\.17\b|\binventory\.18\b|\binventory\.19\b|\binventory\.2\b|\binventory\.20\b|\binventory\.21\b|\binventory\.22\b|\binventory\.23\b|\binventory\.24\b|\binventory\.25\b|\binventory\.26\b|\binventory\.3\b|\binventory\.4\b|\binventory\.5\b|\binventory\.6\b|\binventory\.7\b|\binventory\.8\b|\binventory\.9\b|\bvillager\.0\b|\bvillager\.1\b|\bvillager\.2\b|\bvillager\.3\b|\bvillager\.4\b|\bvillager\.5\b|\bvillager\.6\b|\bvillager\.7\b|\bweapon\b|\bweapon\.mainhand\b|\bweapon\.offhand\b|\babsorption\b|\bbad_omen\b|\bblindness\b|\bconduit_power\b|\bdolphins_grace\b|\bfire_resistance\b|\bglowing\b|\bhaste\b|\bhealth_boost\b|\bhero_of_the_village\b|\bhunger\b|\binstant_damage\b|\binstant_health\b|\binvisibility\b|\bjump_boost\b|\blevitation\b|\bluck\b|\bmining_fatigue\b|\bnausea\b|\bnight_vision\b|\bpoison\b|\bregeneration\b|\bresistance\b|\bsaturation\b|\bslowness\b|\bslow_falling\b|\bspeed\b|\bstrength\b|\bunluck\b|\bwater_breathing\b|\bweakness\b|\bwither\b|\bannounceAdvancements\b|\bcommandBlockOutput\b|\bdisableElytraMovementCheck\b|\bdisableRaids\b|\bdoDaylightCycle\b|\bdoEntityDrops\b|\bdoFireTick\b|\bdoInsomnia\b|\bdoImmediateRespawn\b|\bdoLimitedCrafting\b|\bdoMobLoot\b|\bdoMobSpawning\b|\bdoPatrolSpawning\b|\bdoTileDrops\b|\bdoTraderSpawning\b|\bdoWeatherCycle\b|\bdrowningDamage\b|\bfallDamage\b|\bfireDamage\b|\bforgiveDeadPlayers\b|\bkeepInventory\b|\blogAdminCommands\b|\bmaxCommandChainLength\b|\bmaxEntityCramming\b|\bmobGriefing\b|\bnaturalRegeneration\b|\breducedDebugInfo\b|\bsendCommandFeedback\b|\bshowDeathMessages\b|\bspectatorsGenerateChunks\b|\buniversalAnger\b|\bambient\.basalt_deltas\.additions\b|\bambient\.basalt_deltas\.loop\b|\bambient\.basalt_deltas\.mood\b|\bambient\.cave\b|\bambient\.crimson_forest\.additions\b|\bambient\.crimson_forest\.loop\b|\bambient\.crimson_forest\.mood\b|\bambient\.nether_wastes\.additions\b|\bambient\.nether_wastes\.loop\b|\bambient\.nether_wastes\.mood\b|\bambient\.soul_sand_valley\.additions\b|\bambient\.soul_sand_valley\.loop\b|\bambient\.soul_sand_valley\.mood\b|\bambient\.underwater\.enter\b|\bambient\.underwater\.exit\b|\bambient\.underwater\.loop\b|\bambient\.underwater\.loop\.additions\b|\bambient\.underwater\.loop\.additions\.rare\b|\bambient\.underwater\.loop\.additions\.ultra_rare\b|\bambient\.warped_forest\.additions\b|\bambient\.warped_forest\.loop\b|\bambient\.warped_forest\.mood\b|\bblock\.ancient_debris\.break\b|\bblock\.ancient_debris\.fall\b|\bblock\.ancient_debris\.hit\b|\bblock\.ancient_debris\.place\b|\bblock\.ancient_debris\.step\b|\bblock\.anvil\.break\b|\bblock\.anvil\.destroy\b|\bblock\.anvil\.fall\b|\bblock\.anvil\.hit\b|\bblock\.anvil\.land\b|\bblock\.anvil\.place\b|\bblock\.anvil\.step\b|\bblock\.anvil\.use\b|\bblock\.bamboo\.break\b|\bblock\.bamboo\.fall\b|\bblock\.bamboo\.hit\b|\bblock\.bamboo\.place\b|\bblock\.bamboo\.step\b|\bblock\.bamboo_sapling\.break\b|\bblock\.bamboo_sapling\.hit\b|\bblock\.bamboo_sapling\.place\b|\bblock\.barrel\.close\b|\bblock\.barrel\.open\b|\bblock\.basalt\.break\b|\bblock\.basalt\.fall\b|\bblock\.basalt\.hit\b|\bblock\.basalt\.place\b|\bblock\.basalt\.step\b|\bblock\.beacon\.activate\b|\bblock\.beacon\.ambient\b|\bblock\.beacon\.deactivate\b|\bblock\.beacon\.power_select\b|\bblock\.beehive\.drip\b|\bblock\.beehive\.enter\b|\bblock\.beehive\.exit\b|\bblock\.beehive\.shear\b|\bblock\.beehive\.work\b|\bblock\.bell\.resonate\b|\bblock\.bell\.use\b|\bblock\.blastfurnace\.fire_crackle\b|\bblock\.bone_block\.break\b|\bblock\.bone_block\.fall\b|\bblock\.bone_block\.hit\b|\bblock\.bone_block\.place\b|\bblock\.bone_block\.step\b|\bblock\.brewing_stand\.brew\b|\bblock\.bubble_column\.bubble_pop\b|\bblock\.bubble_column\.upwards_ambient\b|\bblock\.bubble_column\.upwards_inside\b|\bblock\.bubble_column\.whirlpool_ambient\b|\bblock\.bubble_column\.whirlpool_inside\b|\bblock\.campfire\.crackle\b|\bblock\.chain\.break\b|\bblock\.chain\.fall\b|\bblock\.chain\.hit\b|\bblock\.chain\.place\b|\bblock\.chain\.step\b|\bblock\.chest\.close\b|\bblock\.chest\.locked\b|\bblock\.chest\.open\b|\bblock\.chorus_flower\.death\b|\bblock\.chorus_flower\.grow\b|\bblock\.comparator\.click\b|\bblock\.composter\.empty\b|\bblock\.composter\.fill\b|\bblock\.composter\.fill_success\b|\bblock\.composter\.ready\b|\bblock\.conduit\.activate\b|\bblock\.conduit\.ambient\b|\bblock\.conduit\.ambient\.short\b|\bblock\.conduit\.attack\.target\b|\bblock\.conduit\.deactivate\b|\bblock\.coral_block\.break\b|\bblock\.coral_block\.fall\b|\bblock\.coral_block\.hit\b|\bblock\.coral_block\.place\b|\bblock\.coral_block\.step\b|\bblock\.crop\.break\b|\bblock\.dispenser\.dispense\b|\bblock\.dispenser\.fail\b|\bblock\.dispenser\.launch\b|\bblock\.enchantment_table\.use\b|\bblock\.end_gateway\.spawn\b|\bblock\.end_portal\.spawn\b|\bblock\.end_portal_frame\.fill\b|\bblock\.ender_chest\.close\b|\bblock\.ender_chest\.open\b|\bblock\.fence_gate\.close\b|\bblock\.fence_gate\.open\b|\bblock\.fire\.ambient\b|\bblock\.fire\.extinguish\b|\bblock\.fungus\.break\b|\bblock\.fungus\.fall\b|\bblock\.fungus\.hit\b|\bblock\.fungus\.place\b|\bblock\.fungus\.step\b|\bblock\.furnace\.fire_crackle\b|\bblock\.gilded_blackstone\.break\b|\bblock\.gilded_blackstone\.fall\b|\bblock\.gilded_blackstone\.hit\b|\bblock\.gilded_blackstone\.place\b|\bblock\.gilded_blackstone\.step\b|\bblock\.glass\.break\b|\bblock\.glass\.fall\b|\bblock\.glass\.hit\b|\bblock\.glass\.place\b|\bblock\.glass\.step\b|\bblock\.grass\.break\b|\bblock\.grass\.fall\b|\bblock\.grass\.hit\b|\bblock\.grass\.place\b|\bblock\.grass\.step\b|\bblock\.gravel\.break\b|\bblock\.gravel\.fall\b|\bblock\.gravel\.hit\b|\bblock\.gravel\.place\b|\bblock\.gravel\.step\b|\bblock\.grindstone\.use\b|\bblock\.honey_block\.break\b|\bblock\.honey_block\.fall\b|\bblock\.honey_block\.hit\b|\bblock\.honey_block\.place\b|\bblock\.honey_block\.slide\b|\bblock\.honey_block\.step\b|\bblock\.iron_door\.close\b|\bblock\.iron_door\.open\b|\bblock\.iron_trapdoor\.close\b|\bblock\.iron_trapdoor\.open\b|\bblock\.ladder\.break\b|\bblock\.ladder\.fall\b|\bblock\.ladder\.hit\b|\bblock\.ladder\.place\b|\bblock\.ladder\.step\b|\bblock\.lantern\.break\b|\bblock\.lantern\.fall\b|\bblock\.lantern\.hit\b|\bblock\.lantern\.place\b|\bblock\.lantern\.step\b|\bblock\.lava\.ambient\b|\bblock\.lava\.extinguish\b|\bblock\.lava\.pop\b|\bblock\.lever\.click\b|\bblock\.lily_pad\.place\b|\bblock\.lodestone\.break\b|\bblock\.lodestone\.fall\b|\bblock\.lodestone\.hit\b|\bblock\.lodestone\.place\b|\bblock\.lodestone\.step\b|\bblock\.metal\.break\b|\bblock\.metal\.fall\b|\bblock\.metal\.hit\b|\bblock\.metal\.place\b|\bblock\.metal\.step\b|\bblock\.metal_pressure_plate\.click_off\b|\bblock\.metal_pressure_plate\.click_on\b|\bblock\.nether_bricks\.break\b|\bblock\.nether_bricks\.fall\b|\bblock\.nether_bricks\.hit\b|\bblock\.nether_bricks\.place\b|\bblock\.nether_bricks\.step\b|\bblock\.nether_gold_ore\.break\b|\bblock\.nether_gold_ore\.fall\b|\bblock\.nether_gold_ore\.hit\b|\bblock\.nether_gold_ore\.place\b|\bblock\.nether_gold_ore\.step\b|\bblock\.nether_ore\.break\b|\bblock\.nether_ore\.fall\b|\bblock\.nether_ore\.hit\b|\bblock\.nether_ore\.place\b|\bblock\.nether_ore\.step\b|\bblock\.nether_sprouts\.break\b|\bblock\.nether_sprouts\.fall\b|\bblock\.nether_sprouts\.hit\b|\bblock\.nether_sprouts\.place\b|\bblock\.nether_sprouts\.step\b|\bblock\.nether_wart\.break\b|\bblock\.netherite_block\.break\b|\bblock\.netherite_block\.fall\b|\bblock\.netherite_block\.hit\b|\bblock\.netherite_block\.place\b|\bblock\.netherite_block\.step\b|\bblock\.netherrack\.break\b|\bblock\.netherrack\.fall\b|\bblock\.netherrack\.hit\b|\bblock\.netherrack\.place\b|\bblock\.netherrack\.step\b|\bblock\.note_block\.banjo\b|\bblock\.note_block\.basedrum\b|\bblock\.note_block\.bass\b|\bblock\.note_block\.bell\b|\bblock\.note_block\.bit\b|\bblock\.note_block\.chime\b|\bblock\.note_block\.cow_bell\b|\bblock\.note_block\.didgeridoo\b|\bblock\.note_block\.flute\b|\bblock\.note_block\.guitar\b|\bblock\.note_block\.harp\b|\bblock\.note_block\.hat\b|\bblock\.note_block\.iron_xylophone\b|\bblock\.note_block\.pling\b|\bblock\.note_block\.snare\b|\bblock\.note_block\.xylophone\b|\bblock\.nylium\.break\b|\bblock\.nylium\.fall\b|\bblock\.nylium\.hit\b|\bblock\.nylium\.place\b|\bblock\.nylium\.step\b|\bblock\.piston\.contract\b|\bblock\.piston\.extend\b|\bblock\.portal\.ambient\b|\bblock\.portal\.travel\b|\bblock\.portal\.trigger\b|\bblock\.pumpkin\.carve\b|\bblock\.redstone_torch\.burnout\b|\bblock\.respawn_anchor\.ambient\b|\bblock\.respawn_anchor\.charge\b|\bblock\.respawn_anchor\.deplete\b|\bblock\.respawn_anchor\.set_spawn\b|\bblock\.roots\.break\b|\bblock\.roots\.fall\b|\bblock\.roots\.hit\b|\bblock\.roots\.place\b|\bblock\.roots\.step\b|\bblock\.sand\.break\b|\bblock\.sand\.fall\b|\bblock\.sand\.hit\b|\bblock\.sand\.place\b|\bblock\.sand\.step\b|\bblock\.scaffolding\.break\b|\bblock\.scaffolding\.fall\b|\bblock\.scaffolding\.hit\b|\bblock\.scaffolding\.place\b|\bblock\.scaffolding\.step\b|\bblock\.shroomlight\.break\b|\bblock\.shroomlight\.fall\b|\bblock\.shroomlight\.hit\b|\bblock\.shroomlight\.place\b|\bblock\.shroomlight\.step\b|\bblock\.shulker_box\.close\b|\bblock\.shulker_box\.open\b|\bblock\.slime_block\.break\b|\bblock\.slime_block\.fall\b|\bblock\.slime_block\.hit\b|\bblock\.slime_block\.place\b|\bblock\.slime_block\.step\b|\bblock\.smithing_table\.use\b|\bblock\.smoker\.smoke\b|\bblock\.snow\.break\b|\bblock\.snow\.fall\b|\bblock\.snow\.hit\b|\bblock\.snow\.place\b|\bblock\.snow\.step\b|\bblock\.soul_sand\.break\b|\bblock\.soul_sand\.fall\b|\bblock\.soul_sand\.hit\b|\bblock\.soul_sand\.place\b|\bblock\.soul_sand\.step\b|\bblock\.soul_soil\.break\b|\bblock\.soul_soil\.fall\b|\bblock\.soul_soil\.hit\b|\bblock\.soul_soil\.place\b|\bblock\.soul_soil\.step\b|\bblock\.stem\.break\b|\bblock\.stem\.fall\b|\bblock\.stem\.hit\b|\bblock\.stem\.place\b|\bblock\.stem\.step\b|\bblock\.stone\.break\b|\bblock\.stone\.fall\b|\bblock\.stone\.hit\b|\bblock\.stone\.place\b|\bblock\.stone\.step\b|\bblock\.stone_button\.click_off\b|\bblock\.stone_button\.click_on\b|\bblock\.stone_pressure_plate\.click_off\b|\bblock\.stone_pressure_plate\.click_on\b|\bblock\.sweet_berry_bush\.break\b|\bblock\.sweet_berry_bush\.place\b|\bblock\.tripwire\.attach\b|\bblock\.tripwire\.click_off\b|\bblock\.tripwire\.click_on\b|\bblock\.tripwire\.detach\b|\bblock\.vine\.step\b|\bblock\.wart_block\.break\b|\bblock\.wart_block\.fall\b|\bblock\.wart_block\.hit\b|\bblock\.wart_block\.place\b|\bblock\.wart_block\.step\b|\bblock\.water\.ambient\b|\bblock\.weeping_vines\.break\b|\bblock\.weeping_vines\.fall\b|\bblock\.weeping_vines\.hit\b|\bblock\.weeping_vines\.place\b|\bblock\.weeping_vines\.step\b|\bblock\.wet_grass\.break\b|\bblock\.wet_grass\.fall\b|\bblock\.wet_grass\.hit\b|\bblock\.wet_grass\.place\b|\bblock\.wet_grass\.step\b|\bblock\.wood\.break\b|\bblock\.wood\.fall\b|\bblock\.wood\.hit\b|\bblock\.wood\.place\b|\bblock\.wood\.step\b|\bblock\.wooden_button\.click_off\b|\bblock\.wooden_button\.click_on\b|\bblock\.wooden_door\.close\b|\bblock\.wooden_door\.open\b|\bblock\.wooden_pressure_plate\.click_off\b|\bblock\.wooden_pressure_plate\.click_on\b|\bblock\.wooden_trapdoor\.close\b|\bblock\.wooden_trapdoor\.open\b|\bblock\.wool\.break\b|\bblock\.wool\.fall\b|\bblock\.wool\.hit\b|\bblock\.wool\.place\b|\bblock\.wool\.step\b|\benchant\.thorns\.hit\b|\bentity\.armor_stand\.break\b|\bentity\.armor_stand\.fall\b|\bentity\.armor_stand\.hit\b|\bentity\.armor_stand\.place\b|\bentity\.arrow\.hit\b|\bentity\.arrow\.hit_player\b|\bentity\.arrow\.shoot\b|\bentity\.bat\.ambient\b|\bentity\.bat\.death\b|\bentity\.bat\.hurt\b|\bentity\.bat\.loop\b|\bentity\.bat\.takeoff\b|\bentity\.bee\.death\b|\bentity\.bee\.hurt\b|\bentity\.bee\.loop\b|\bentity\.bee\.loop_aggressive\b|\bentity\.bee\.pollinate\b|\bentity\.bee\.sting\b|\bentity\.blaze\.ambient\b|\bentity\.blaze\.burn\b|\bentity\.blaze\.death\b|\bentity\.blaze\.hurt\b|\bentity\.blaze\.shoot\b|\bentity\.boat\.paddle_land\b|\bentity\.boat\.paddle_water\b|\bentity\.cat\.ambient\b|\bentity\.cat\.beg_for_food\b|\bentity\.cat\.death\b|\bentity\.cat\.eat\b|\bentity\.cat\.hiss\b|\bentity\.cat\.hurt\b|\bentity\.cat\.purr\b|\bentity\.cat\.purreow\b|\bentity\.cat\.stray_ambient\b|\bentity\.chicken\.ambient\b|\bentity\.chicken\.death\b|\bentity\.chicken\.egg\b|\bentity\.chicken\.hurt\b|\bentity\.chicken\.step\b|\bentity\.cod\.ambient\b|\bentity\.cod\.death\b|\bentity\.cod\.flop\b|\bentity\.cod\.hurt\b|\bentity\.cow\.ambient\b|\bentity\.cow\.death\b|\bentity\.cow\.hurt\b|\bentity\.cow\.milk\b|\bentity\.cow\.step\b|\bentity\.creeper\.death\b|\bentity\.creeper\.hurt\b|\bentity\.creeper\.primed\b|\bentity\.dolphin\.ambient\b|\bentity\.dolphin\.ambient_water\b|\bentity\.dolphin\.attack\b|\bentity\.dolphin\.death\b|\bentity\.dolphin\.eat\b|\bentity\.dolphin\.hurt\b|\bentity\.dolphin\.jump\b|\bentity\.dolphin\.play\b|\bentity\.dolphin\.splash\b|\bentity\.dolphin\.swim\b|\bentity\.donkey\.ambient\b|\bentity\.donkey\.angry\b|\bentity\.donkey\.chest\b|\bentity\.donkey\.death\b|\bentity\.donkey\.eat\b|\bentity\.donkey\.hurt\b|\bentity\.dragon_fireball\.explode\b|\bentity\.drowned\.ambient\b|\bentity\.drowned\.ambient_water\b|\bentity\.drowned\.death\b|\bentity\.drowned\.death_water\b|\bentity\.drowned\.hurt\b|\bentity\.drowned\.hurt_water\b|\bentity\.drowned\.shoot\b|\bentity\.drowned\.step\b|\bentity\.drowned\.swim\b|\bentity\.egg\.throw\b|\bentity\.elder_guardian\.ambient\b|\bentity\.elder_guardian\.ambient_land\b|\bentity\.elder_guardian\.curse\b|\bentity\.elder_guardian\.death\b|\bentity\.elder_guardian\.death_land\b|\bentity\.elder_guardian\.flop\b|\bentity\.elder_guardian\.hurt\b|\bentity\.elder_guardian\.hurt_land\b|\bentity\.ender_dragon\.ambient\b|\bentity\.ender_dragon\.death\b|\bentity\.ender_dragon\.flap\b|\bentity\.ender_dragon\.growl\b|\bentity\.ender_dragon\.hurt\b|\bentity\.ender_dragon\.shoot\b|\bentity\.ender_eye\.death\b|\bentity\.ender_eye\.launch\b|\bentity\.ender_pearl\.throw\b|\bentity\.enderman\.ambient\b|\bentity\.enderman\.death\b|\bentity\.enderman\.hurt\b|\bentity\.enderman\.scream\b|\bentity\.enderman\.stare\b|\bentity\.enderman\.teleport\b|\bentity\.endermite\.ambient\b|\bentity\.endermite\.death\b|\bentity\.endermite\.hurt\b|\bentity\.endermite\.step\b|\bentity\.evoker\.ambient\b|\bentity\.evoker\.cast_spell\b|\bentity\.evoker\.celebrate\b|\bentity\.evoker\.death\b|\bentity\.evoker\.hurt\b|\bentity\.evoker\.prepare_attack\b|\bentity\.evoker\.prepare_summon\b|\bentity\.evoker\.prepare_wololo\b|\bentity\.evoker_fangs\.attack\b|\bentity\.experience_bottle\.throw\b|\bentity\.experience_orb\.pickup\b|\bentity\.firework_rocket\.blast\b|\bentity\.firework_rocket\.blast_far\b|\bentity\.firework_rocket\.large_blast\b|\bentity\.firework_rocket\.large_blast_far\b|\bentity\.firework_rocket\.launch\b|\bentity\.firework_rocket\.shoot\b|\bentity\.firework_rocket\.twinkle\b|\bentity\.firework_rocket\.twinkle_far\b|\bentity\.fish\.swim\b|\bentity\.fishing_bobber\.retrieve\b|\bentity\.fishing_bobber\.splash\b|\bentity\.fishing_bobber\.throw\b|\bentity\.fox\.aggro\b|\bentity\.fox\.ambient\b|\bentity\.fox\.bite\b|\bentity\.fox\.death\b|\bentity\.fox\.eat\b|\bentity\.fox\.hurt\b|\bentity\.fox\.screech\b|\bentity\.fox\.sleep\b|\bentity\.fox\.sniff\b|\bentity\.fox\.spit\b|\bentity\.fox\.teleport\b|\bentity\.generic\.big_fall\b|\bentity\.generic\.burn\b|\bentity\.generic\.death\b|\bentity\.generic\.drink\b|\bentity\.generic\.eat\b|\bentity\.generic\.explode\b|\bentity\.generic\.extinguish_fire\b|\bentity\.generic\.hurt\b|\bentity\.generic\.small_fall\b|\bentity\.generic\.splash\b|\bentity\.generic\.swim\b|\bentity\.ghast\.ambient\b|\bentity\.ghast\.death\b|\bentity\.ghast\.hurt\b|\bentity\.ghast\.scream\b|\bentity\.ghast\.shoot\b|\bentity\.ghast\.warn\b|\bentity\.guardian\.ambient\b|\bentity\.guardian\.ambient_land\b|\bentity\.guardian\.attack\b|\bentity\.guardian\.death\b|\bentity\.guardian\.death_land\b|\bentity\.guardian\.flop\b|\bentity\.guardian\.hurt\b|\bentity\.guardian\.hurt_land\b|\bentity\.hoglin\.ambient\b|\bentity\.hoglin\.angry\b|\bentity\.hoglin\.attack\b|\bentity\.hoglin\.converted_to_zombified\b|\bentity\.hoglin\.death\b|\bentity\.hoglin\.hurt\b|\bentity\.hoglin\.retreat\b|\bentity\.hoglin\.step\b|\bentity\.horse\.ambient\b|\bentity\.horse\.angry\b|\bentity\.horse\.armor\b|\bentity\.horse\.breathe\b|\bentity\.horse\.death\b|\bentity\.horse\.eat\b|\bentity\.horse\.gallop\b|\bentity\.horse\.hurt\b|\bentity\.horse\.jump\b|\bentity\.horse\.land\b|\bentity\.horse\.saddle\b|\bentity\.horse\.step\b|\bentity\.horse\.step_wood\b|\bentity\.hostile\.big_fall\b|\bentity\.hostile\.death\b|\bentity\.hostile\.hurt\b|\bentity\.hostile\.small_fall\b|\bentity\.hostile\.splash\b|\bentity\.hostile\.swim\b|\bentity\.husk\.ambient\b|\bentity\.husk\.converted_to_zombie\b|\bentity\.husk\.death\b|\bentity\.husk\.hurt\b|\bentity\.husk\.step\b|\bentity\.illusioner\.ambient\b|\bentity\.illusioner\.cast_spell\b|\bentity\.illusioner\.death\b|\bentity\.illusioner\.hurt\b|\bentity\.illusioner\.mirror_move\b|\bentity\.illusioner\.prepare_blindness\b|\bentity\.illusioner\.prepare_mirror\b|\bentity\.iron_golem\.attack\b|\bentity\.iron_golem\.damage\b|\bentity\.iron_golem\.death\b|\bentity\.iron_golem\.hurt\b|\bentity\.iron_golem\.repair\b|\bentity\.iron_golem\.step\b|\bentity\.item\.break\b|\bentity\.item\.pickup\b|\bentity\.item_frame\.add_item\b|\bentity\.item_frame\.break\b|\bentity\.item_frame\.place\b|\bentity\.item_frame\.remove_item\b|\bentity\.item_frame\.rotate_item\b|\bentity\.leash_knot\.break\b|\bentity\.leash_knot\.place\b|\bentity\.lightning_bolt\.impact\b|\bentity\.lightning_bolt\.thunder\b|\bentity\.lingering_potion\.throw\b|\bentity\.llama\.ambient\b|\bentity\.llama\.angry\b|\bentity\.llama\.chest\b|\bentity\.llama\.death\b|\bentity\.llama\.eat\b|\bentity\.llama\.hurt\b|\bentity\.llama\.spit\b|\bentity\.llama\.step\b|\bentity\.llama\.swag\b|\bentity\.magma_cube\.death\b|\bentity\.magma_cube\.death_small\b|\bentity\.magma_cube\.hurt\b|\bentity\.magma_cube\.hurt_small\b|\bentity\.magma_cube\.jump\b|\bentity\.magma_cube\.squish\b|\bentity\.magma_cube\.squish_small\b|\bentity\.minecart\.inside\b|\bentity\.minecart\.riding\b|\bentity\.mooshroom\.convert\b|\bentity\.mooshroom\.eat\b|\bentity\.mooshroom\.milk\b|\bentity\.mooshroom\.shear\b|\bentity\.mooshroom\.suspicious_milk\b|\bentity\.mule\.ambient\b|\bentity\.mule\.angry\b|\bentity\.mule\.chest\b|\bentity\.mule\.death\b|\bentity\.mule\.eat\b|\bentity\.mule\.hurt\b|\bentity\.ocelot\.ambient\b|\bentity\.ocelot\.death\b|\bentity\.ocelot\.hurt\b|\bentity\.painting\.break\b|\bentity\.painting\.place\b|\bentity\.panda\.aggressive_ambient\b|\bentity\.panda\.ambient\b|\bentity\.panda\.bite\b|\bentity\.panda\.cant_breed\b|\bentity\.panda\.death\b|\bentity\.panda\.eat\b|\bentity\.panda\.hurt\b|\bentity\.panda\.pre_sneeze\b|\bentity\.panda\.sneeze\b|\bentity\.panda\.step\b|\bentity\.panda\.worried_ambient\b|\bentity\.parrot\.ambient\b|\bentity\.parrot\.death\b|\bentity\.parrot\.eat\b|\bentity\.parrot\.fly\b|\bentity\.parrot\.hurt\b|\bentity\.parrot\.imitate\.blaze\b|\bentity\.parrot\.imitate\.creeper\b|\bentity\.parrot\.imitate\.drowned\b|\bentity\.parrot\.imitate\.elder_guardian\b|\bentity\.parrot\.imitate\.ender_dragon\b|\bentity\.parrot\.imitate\.endermite\b|\bentity\.parrot\.imitate\.evoker\b|\bentity\.parrot\.imitate\.ghast\b|\bentity\.parrot\.imitate\.guardian\b|\bentity\.parrot\.imitate\.hoglin\b|\bentity\.parrot\.imitate\.husk\b|\bentity\.parrot\.imitate\.illusioner\b|\bentity\.parrot\.imitate\.magma_cube\b|\bentity\.parrot\.imitate\.phantom\b|\bentity\.parrot\.imitate\.piglin\b|\bentity\.parrot\.imitate\.pillager\b|\bentity\.parrot\.imitate\.ravager\b|\bentity\.parrot\.imitate\.shulker\b|\bentity\.parrot\.imitate\.silverfish\b|\bentity\.parrot\.imitate\.skeleton\b|\bentity\.parrot\.imitate\.slime\b|\bentity\.parrot\.imitate\.spider\b|\bentity\.parrot\.imitate\.stray\b|\bentity\.parrot\.imitate\.vex\b|\bentity\.parrot\.imitate\.vindicator\b|\bentity\.parrot\.imitate\.witch\b|\bentity\.parrot\.imitate\.wither\b|\bentity\.parrot\.imitate\.wither_skeleton\b|\bentity\.parrot\.imitate\.zoglin\b|\bentity\.parrot\.imitate\.zombie\b|\bentity\.parrot\.imitate\.zombie_villager\b|\bentity\.parrot\.step\b|\bentity\.phantom\.ambient\b|\bentity\.phantom\.bite\b|\bentity\.phantom\.death\b|\bentity\.phantom\.flap\b|\bentity\.phantom\.hurt\b|\bentity\.phantom\.swoop\b|\bentity\.pig\.ambient\b|\bentity\.pig\.death\b|\bentity\.pig\.hurt\b|\bentity\.pig\.saddle\b|\bentity\.pig\.step\b|\bentity\.piglin\.admiring_item\b|\bentity\.piglin\.ambient\b|\bentity\.piglin\.angry\b|\bentity\.piglin\.celebrate\b|\bentity\.piglin\.converted_to_zombified\b|\bentity\.piglin\.death\b|\bentity\.piglin\.hurt\b|\bentity\.piglin\.jealous\b|\bentity\.piglin\.retreat\b|\bentity\.piglin\.step\b|\bentity\.pillager\.ambient\b|\bentity\.pillager\.celebrate\b|\bentity\.pillager\.death\b|\bentity\.pillager\.hurt\b|\bentity\.player\.attack\.crit\b|\bentity\.player\.attack\.knockback\b|\bentity\.player\.attack\.nodamage\b|\bentity\.player\.attack\.strong\b|\bentity\.player\.attack\.sweep\b|\bentity\.player\.attack\.weak\b|\bentity\.player\.big_fall\b|\bentity\.player\.breath\b|\bentity\.player\.burp\b|\bentity\.player\.death\b|\bentity\.player\.hurt\b|\bentity\.player\.hurt_drown\b|\bentity\.player\.hurt_on_fire\b|\bentity\.player\.hurt_sweet_berry_bush\b|\bentity\.player\.levelup\b|\bentity\.player\.small_fall\b|\bentity\.player\.splash\b|\bentity\.player\.splash\.high_speed\b|\bentity\.player\.swim\b|\bentity\.polar_bear\.ambient\b|\bentity\.polar_bear\.ambient_baby\b|\bentity\.polar_bear\.death\b|\bentity\.polar_bear\.hurt\b|\bentity\.polar_bear\.step\b|\bentity\.polar_bear\.warning\b|\bentity\.puffer_fish\.ambient\b|\bentity\.puffer_fish\.blow_out\b|\bentity\.puffer_fish\.blow_up\b|\bentity\.puffer_fish\.death\b|\bentity\.puffer_fish\.flop\b|\bentity\.puffer_fish\.hurt\b|\bentity\.puffer_fish\.sting\b|\bentity\.rabbit\.ambient\b|\bentity\.rabbit\.attack\b|\bentity\.rabbit\.death\b|\bentity\.rabbit\.hurt\b|\bentity\.rabbit\.jump\b|\bentity\.ravager\.ambient\b|\bentity\.ravager\.attack\b|\bentity\.ravager\.celebrate\b|\bentity\.ravager\.death\b|\bentity\.ravager\.hurt\b|\bentity\.ravager\.roar\b|\bentity\.ravager\.step\b|\bentity\.ravager\.stunned\b|\bentity\.salmon\.ambient\b|\bentity\.salmon\.death\b|\bentity\.salmon\.flop\b|\bentity\.salmon\.hurt\b|\bentity\.sheep\.ambient\b|\bentity\.sheep\.death\b|\bentity\.sheep\.hurt\b|\bentity\.sheep\.shear\b|\bentity\.sheep\.step\b|\bentity\.shulker\.ambient\b|\bentity\.shulker\.close\b|\bentity\.shulker\.death\b|\bentity\.shulker\.hurt\b|\bentity\.shulker\.hurt_closed\b|\bentity\.shulker\.open\b|\bentity\.shulker\.shoot\b|\bentity\.shulker\.teleport\b|\bentity\.shulker_bullet\.hit\b|\bentity\.shulker_bullet\.hurt\b|\bentity\.silverfish\.ambient\b|\bentity\.silverfish\.death\b|\bentity\.silverfish\.hurt\b|\bentity\.silverfish\.step\b|\bentity\.skeleton\.ambient\b|\bentity\.skeleton\.death\b|\bentity\.skeleton\.hurt\b|\bentity\.skeleton\.shoot\b|\bentity\.skeleton\.step\b|\bentity\.skeleton_horse\.ambient\b|\bentity\.skeleton_horse\.ambient_water\b|\bentity\.skeleton_horse\.death\b|\bentity\.skeleton_horse\.gallop_water\b|\bentity\.skeleton_horse\.hurt\b|\bentity\.skeleton_horse\.jump_water\b|\bentity\.skeleton_horse\.step_water\b|\bentity\.skeleton_horse\.swim\b|\bentity\.slime\.attack\b|\bentity\.slime\.death\b|\bentity\.slime\.death_small\b|\bentity\.slime\.hurt\b|\bentity\.slime\.hurt_small\b|\bentity\.slime\.jump\b|\bentity\.slime\.jump_small\b|\bentity\.slime\.squish\b|\bentity\.slime\.squish_small\b|\bentity\.snow_golem\.ambient\b|\bentity\.snow_golem\.death\b|\bentity\.snow_golem\.hurt\b|\bentity\.snow_golem\.shear\b|\bentity\.snow_golem\.shoot\b|\bentity\.snowball\.throw\b|\bentity\.spider\.ambient\b|\bentity\.spider\.death\b|\bentity\.spider\.hurt\b|\bentity\.spider\.step\b|\bentity\.splash_potion\.break\b|\bentity\.splash_potion\.throw\b|\bentity\.squid\.ambient\b|\bentity\.squid\.death\b|\bentity\.squid\.hurt\b|\bentity\.squid\.squirt\b|\bentity\.stray\.ambient\b|\bentity\.stray\.death\b|\bentity\.stray\.hurt\b|\bentity\.stray\.step\b|\bentity\.strider\.ambient\b|\bentity\.strider\.death\b|\bentity\.strider\.eat\b|\bentity\.strider\.happy\b|\bentity\.strider\.hurt\b|\bentity\.strider\.retreat\b|\bentity\.strider\.saddle\b|\bentity\.strider\.step\b|\bentity\.strider\.step_lava\b|\bentity\.tnt\.primed\b|\bentity\.tropical_fish\.ambient\b|\bentity\.tropical_fish\.death\b|\bentity\.tropical_fish\.flop\b|\bentity\.tropical_fish\.hurt\b|\bentity\.turtle\.ambient_land\b|\bentity\.turtle\.death\b|\bentity\.turtle\.death_baby\b|\bentity\.turtle\.egg_break\b|\bentity\.turtle\.egg_crack\b|\bentity\.turtle\.egg_hatch\b|\bentity\.turtle\.hurt\b|\bentity\.turtle\.hurt_baby\b|\bentity\.turtle\.lay_egg\b|\bentity\.turtle\.shamble\b|\bentity\.turtle\.shamble_baby\b|\bentity\.turtle\.swim\b|\bentity\.vex\.ambient\b|\bentity\.vex\.charge\b|\bentity\.vex\.death\b|\bentity\.vex\.hurt\b|\bentity\.villager\.ambient\b|\bentity\.villager\.celebrate\b|\bentity\.villager\.death\b|\bentity\.villager\.hurt\b|\bentity\.villager\.no\b|\bentity\.villager\.trade\b|\bentity\.villager\.work_armorer\b|\bentity\.villager\.work_butcher\b|\bentity\.villager\.work_cartographer\b|\bentity\.villager\.work_cleric\b|\bentity\.villager\.work_farmer\b|\bentity\.villager\.work_fisherman\b|\bentity\.villager\.work_fletcher\b|\bentity\.villager\.work_leatherworker\b|\bentity\.villager\.work_librarian\b|\bentity\.villager\.work_mason\b|\bentity\.villager\.work_shepherd\b|\bentity\.villager\.work_toolsmith\b|\bentity\.villager\.work_weaponsmith\b|\bentity\.villager\.yes\b|\bentity\.vindicator\.ambient\b|\bentity\.vindicator\.celebrate\b|\bentity\.vindicator\.death\b|\bentity\.vindicator\.hurt\b|\bentity\.wandering_trader\.ambient\b|\bentity\.wandering_trader\.death\b|\bentity\.wandering_trader\.disappeared\b|\bentity\.wandering_trader\.drink_milk\b|\bentity\.wandering_trader\.drink_potion\b|\bentity\.wandering_trader\.hurt\b|\bentity\.wandering_trader\.no\b|\bentity\.wandering_trader\.reappeared\b|\bentity\.wandering_trader\.trade\b|\bentity\.wandering_trader\.yes\b|\bentity\.witch\.ambient\b|\bentity\.witch\.celebrate\b|\bentity\.witch\.death\b|\bentity\.witch\.drink\b|\bentity\.witch\.hurt\b|\bentity\.witch\.throw\b|\bentity\.wither\.ambient\b|\bentity\.wither\.break_block\b|\bentity\.wither\.death\b|\bentity\.wither\.hurt\b|\bentity\.wither\.shoot\b|\bentity\.wither\.spawn\b|\bentity\.wither_skeleton\.ambient\b|\bentity\.wither_skeleton\.death\b|\bentity\.wither_skeleton\.hurt\b|\bentity\.wither_skeleton\.step\b|\bentity\.wolf\.ambient\b|\bentity\.wolf\.death\b|\bentity\.wolf\.growl\b|\bentity\.wolf\.howl\b|\bentity\.wolf\.hurt\b|\bentity\.wolf\.pant\b|\bentity\.wolf\.shake\b|\bentity\.wolf\.step\b|\bentity\.wolf\.whine\b|\bentity\.zoglin\.ambient\b|\bentity\.zoglin\.angry\b|\bentity\.zoglin\.attack\b|\bentity\.zoglin\.death\b|\bentity\.zoglin\.hurt\b|\bentity\.zoglin\.step\b|\bentity\.zombie\.ambient\b|\bentity\.zombie\.attack_iron_door\b|\bentity\.zombie\.attack_wooden_door\b|\bentity\.zombie\.break_wooden_door\b|\bentity\.zombie\.converted_to_drowned\b|\bentity\.zombie\.death\b|\bentity\.zombie\.destroy_egg\b|\bentity\.zombie\.hurt\b|\bentity\.zombie\.infect\b|\bentity\.zombie\.step\b|\bentity\.zombie_horse\.ambient\b|\bentity\.zombie_horse\.death\b|\bentity\.zombie_horse\.hurt\b|\bentity\.zombie_villager\.ambient\b|\bentity\.zombie_villager\.converted\b|\bentity\.zombie_villager\.cure\b|\bentity\.zombie_villager\.death\b|\bentity\.zombie_villager\.hurt\b|\bentity\.zombie_villager\.step\b|\bentity\.zombified_piglin\.ambient\b|\bentity\.zombified_piglin\.angry\b|\bentity\.zombified_piglin\.death\b|\bentity\.zombified_piglin\.hurt\b|\bevent\.raid\.horn\b|\bitem\.armor\.equip_chain\b|\bitem\.armor\.equip_diamond\b|\bitem\.armor\.equip_elytra\b|\bitem\.armor\.equip_generic\b|\bitem\.armor\.equip_gold\b|\bitem\.armor\.equip_iron\b|\bitem\.armor\.equip_leather\b|\bitem\.armor\.equip_netherite\b|\bitem\.armor\.equip_turtle\b|\bitem\.axe\.strip\b|\bitem\.book\.page_turn\b|\bitem\.book\.put\b|\bitem\.bottle\.empty\b|\bitem\.bottle\.fill\b|\bitem\.bottle\.fill_dragonbreath\b|\bitem\.bucket\.empty\b|\bitem\.bucket\.empty_fish\b|\bitem\.bucket\.empty_lava\b|\bitem\.bucket\.fill\b|\bitem\.bucket\.fill_fish\b|\bitem\.bucket\.fill_lava\b|\bitem\.chorus_fruit\.teleport\b|\bitem\.crop\.plant\b|\bitem\.crossbow\.hit\b|\bitem\.crossbow\.loading_end\b|\bitem\.crossbow\.loading_middle\b|\bitem\.crossbow\.loading_start\b|\bitem\.crossbow\.quick_charge_1\b|\bitem\.crossbow\.quick_charge_2\b|\bitem\.crossbow\.quick_charge_3\b|\bitem\.crossbow\.shoot\b|\bitem\.elytra\.flying\b|\bitem\.firecharge\.use\b|\bitem\.flintandsteel\.use\b|\bitem\.hoe\.till\b|\bitem\.honey_bottle\.drink\b|\bitem\.lodestone_compass\.lock\b|\bitem\.nether_wart\.plant\b|\bitem\.shield\.block\b|\bitem\.shield\.break\b|\bitem\.shovel\.flatten\b|\bitem\.sweet_berries\.pick_from_bush\b|\bitem\.totem\.use\b|\bitem\.trident\.hit\b|\bitem\.trident\.hit_ground\b|\bitem\.trident\.return\b|\bitem\.trident\.riptide_1\b|\bitem\.trident\.riptide_2\b|\bitem\.trident\.riptide_3\b|\bitem\.trident\.throw\b|\bitem\.trident\.thunder\b|\bmusic\.creative\b|\bmusic\.credits\b|\bmusic\.dragon\b|\bmusic\.end\b|\bmusic\.game\b|\bmusic\.menu\b|\bmusic\.nether\.basalt_deltas\b|\bmusic\.nether\.crimson_forest\b|\bmusic\.nether\.nether_wastes\b|\bmusic\.nether\.soul_sand_valley\b|\bmusic\.nether\.warped_forest\b|\bmusic\.under_water\b|\bmusic_disc\.11\b|\bmusic_disc\.13\b|\bmusic_disc\.blocks\b|\bmusic_disc\.cat\b|\bmusic_disc\.chirp\b|\bmusic_disc\.far\b|\bmusic_disc\.mall\b|\bmusic_disc\.mellohi\b|\bmusic_disc\.pigstep\b|\bmusic_disc\.stal\b|\bmusic_disc\.strad\b|\bmusic_disc\.wait\b|\bmusic_disc\.ward\b|\bparticle\.soul_escape\b|\bui\.button\.click\b|\bui\.cartography_table\.take_result\b|\bui\.loom\.select_pattern\b|\bui\.loom\.take_result\b|\bui\.stonecutter\.select_recipe\b|\bui\.stonecutter\.take_result\b|\bui\.toast\.challenge_complete\b|\bui\.toast\.in\b|\bui\.toast\.out\b|\bweather\.rain\b|\bweather\.rain\.above\b)</rule>
<style name="s_9" color="#FFA500" fontStyle="Bold" />
<rule style="s_9" options="Singleline,IgnoreCase">(?i)(\bint\b|\bfloat\b|\bentity\b|\bstring\b|\bbool\b|\bfunction\b|\bselector\b)</rule>
<style name="s_10" color="#FF00FF" fontStyle="Bold" />
<rule style="s_10" options="Singleline,IgnoreCase">(?i)(\bdebug\b|\bprint\b|\bwarning\b|\bexception\b|\bjson\b|\bparams\b|\bimplicite\b|\bdefine\b|\[offuscationsaved\]|\[startfile\]|\[endfile\]|\[inplace\])</rule>
<style name="s_11" color="#4A9CC7" fontStyle="Bold" />
<rule style="s_11" options="Singleline,IgnoreCase">(?i)(\bdef\b|\bclass\b|\biniter\b|\bobject\b|\bif\b|\bifs\b|\bthen\b|\belse\b|\belseif\b|\belif\b|\belsif\b|\bwhile\b|\bfor\b|\bwith\b|\bforgenerate\b|\binterface\b|\bforeach\b|\breturn\b|\b&amp;&amp;\b|\b\|\|\b|\bat\b|\bswitch\b|\bcase\b|\bconst\b|\bfinal\b|\boverride\b|\bvirtual\b|\bstruct\b|\bextends\b|\bstatic\b|\bpositioned\b|\blazy\b|\babstract\b|\bthis\b|\balign\b|\balias\b|\bticking\b|\bloading\b|\bhelper\b|\bvoid\b|\bnull\b|\benum\b|\bblocktags\b|\bentitytags\b|\bitemtags\b|\bpublic\b|\bprivate\b|\bnew\b|\bexternal\b|\bjsonfile\b|\brequire\b|\bindexed\b|\bpredicate\b|\blet\b|\bvar\b|\bval\b|\bextension\b|\bimplements\b|\binvisible\b|\bstacksafe\b|\binfix\b|\bprefix\b|\bimport\b|\bpackage\b|\busing\b|\bas\b)</rule>
<style name="s_12" color="#00B9FF" />
<rule style="s_12" options="Singleline,IgnoreCase">(?i)(\btellraw\b|\btitle\b|\bsay\b|\bclear\b|\beffect\b|\bdifficulty\b|\bgamemode\b|\bgamerule\b|\bfill\b|\bstopsound\b|\bweather\b|\btp\b|\bexecute\b|\bstructure\b|\bmagictitle\b)</rule>
<style name="s_13" color="#00FFFF" fontStyle="Bold" />
<rule style="s_13" options="Singleline,IgnoreCase">(?i)(\btrue\b|\bfalse\b)</rule>
<style name="s_14" color="#ADD8E6" />
<rule style="s_14" options="Singleline,IgnoreCase">(?i)(\@a\[[^\n]*\]|\@a\b|\@e\[[^\n]*\]|\@e\b|\@p\[[^\n]*\]|\@p\b|\@s\[[^\n]*\]|\@s\b|\@r\[[^\n]*\]|\@r\b)</rule>
<folding start="\{" finish="\}" options="IgnoreCase"/></doc>
